{"iter": 5000, "train/loss": 0.6276986598968506, "val/loss": 1.7026879787445068, "lr": 0.0001, "mfu": 3.1425015880217346, "_timestamp": 1684439053.6303701, "_runtime": 854.711837053299, "_step": 20, "_wandb": {"runtime": 854}}