{"iter": 250, "train/loss": 1.9339556694030762, "val/loss": 1.9360307455062866, "lr": 0.0001, "mfu": 4.005929239192184, "_timestamp": 1684797612.9682376, "_runtime": 305.0632755756378, "_step": 1}