{"iter": 0, "train/loss": 3.2357358932495117, "val/loss": 3.2385222911834717, "lr": 0.0, "mfu": -100.0, "_timestamp": 1684797210.9195166, "_runtime": 182.90436053276062, "_step": 0, "_wandb": {"runtime": 188}}