{"iter": 0, "train/loss": 3.2354238033294678, "val/loss": 3.2383618354797363, "lr": 0.0, "mfu": -100.0, "_timestamp": 1684796996.0029469, "_runtime": 349.9515337944031, "_step": 0, "_wandb": {"runtime": 353}}