{"iter": 5000, "train/loss": 0.5262848138809204, "val/loss": 0.5277165770530701, "lr": 0.0001, "mfu": 3.112592099652417, "_timestamp": 1684789086.724331, "_runtime": 850.1193988323212, "_step": 20, "_wandb": {"runtime": 850}}